<?xml version="1.0" encoding="UTF-8" ?>
<!DOCTYPE mapper
        PUBLIC "-//mybatis.org//DTD Mapper 3.0//EN"
        "http://mybatis.org/dtd/mybatis-3-mapper.dtd">
<mapper namespace="org.example.mapper.GoodMapper">
    <!--动态SQL-->
     <select id="list" resultType="org.example.pojo.Good">
          select * from good
          <where>
              <if test="categoryId!=null">
                  category_id=#{categoryId}
              </if>

              <if test="state!=null">
                  and state=#{state}
              </if>

              <if test="minPrice!=null">
                  and  price <![CDATA[>=]]> #{minPrice}
              </if>

              <if test="maxPrice!=null">
                  and  price <![CDATA[<=]]> #{maxPrice}
              </if>

              <if test="keyWords != null and keyWords !=''">
                  and ( title like concat('%', #{keyWords}, '%') or content like concat('%', #{keyWords}, '%') )
              </if>
          </where>
     </select>

    <delete id="deleteSelect" parameterType="java.util.List">
            delete from good
            where good.id in
        <foreach collection="list" item="item" index="index" open="(" close=")" separator=",">
            #{item}
        </foreach>

    </delete>

</mapper>